{"cameraMode":{"drawMode":0,"name":"Shaded","section":"Shading Mode"},"sceneLighting":true,"audioPlay":false,"sceneViewState":{"m_AlwaysRefresh":false,"showFog":true,"showSkybox":true,"showFlares":true,"showImageEffects":true,"showParticleSystems":true,"showVisualEffectGraphs":true,"m_FxEnabled":true},"in2DMode":false,"pivot":{"x":1020.8994140625,"y":752.7410278320313,"z":-1039.30810546875},"rotation":{"x":-0.04080305993556976,"y":0.0036207938101142647,"z":0.00008770179556449875,"w":-0.999311625957489},"size":0.8660253882408142,"orthographic":false}