{"cameraMode":{"drawMode":0,"name":"Shaded","section":"Shading Mode"},"sceneLighting":false,"audioPlay":false,"sceneViewState":{"m_AlwaysRefresh":false,"showFog":true,"showSkybox":false,"showFlares":true,"showImageEffects":true,"showParticleSystems":true,"showVisualEffectGraphs":true,"m_FxEnabled":true},"in2DMode":false,"pivot":{"x":0.1620267927646637,"y":0.84439617395401,"z":-0.15350687503814698},"rotation":{"x":0.007566626183688641,"y":-0.9646576046943665,"z":0.2641468644142151,"w":0.023127783089876176},"size":0.7604265809059143,"orthographic":false}