{"cameraMode":{"drawMode":0,"name":"Shaded","section":"Shading Mode"},"sceneLighting":false,"audioPlay":false,"sceneViewState":{"m_AlwaysRefresh":false,"showFog":true,"showSkybox":false,"showFlares":true,"showImageEffects":true,"showParticleSystems":true,"showVisualEffectGraphs":true,"m_FxEnabled":true},"in2DMode":false,"pivot":{"x":0.27777108550071719,"y":-0.29329490661621096,"z":0.07227277010679245},"rotation":{"x":-0.18837352097034455,"y":-0.5815714001655579,"z":0.14066217839717866,"w":-0.7788305878639221},"size":0.8660253882408142,"orthographic":false}